<?xml version="1.0" encoding="UTF-8"?><MD_Metadata xmlns:gts="http://www.isotc211.org/2005/gts" xmlns:gco="http://www.isotc211.org/2005/gco" xmlns:xalan="http://xml.apache.org/xalan" xmlns:srv="http://www.isotc211.org/2005/srv" xmlns:gmx="http://www.isotc211.org/2005/gmx" xmlns:xlink="http://www.w3.org/1999/xlink" xmlns:xsi="http://www.w3.org/2001/XMLSchema-instance" xmlns:gml="http://www.opengis.net/gml" xmlns="http://www.isotc211.org/2005/gmd">
    <fileIdentifier>
        <gco:CharacterString>544170b5b1be435592b1aea014265c7d</gco:CharacterString>
    </fileIdentifier>
    <language gco:nilReason="missing"/>
    <characterSet>
        <MD_CharacterSetCode codeList="http://www.isotc211.org/2005/resources/Codelist/gmxCodelists.xml#MD_CharacterSetCode" codeListValue="utf8" codeSpace="ISOTC211/19115">utf8</MD_CharacterSetCode>
    </characterSet>
    <hierarchyLevel>
        <MD_ScopeCode codeList="http://www.isotc211.org/2005/resources/Codelist/gmxCodelists.xml#MD_ScopeCode" codeListValue="dataset" codeSpace="ISOTC211/19115">dataset</MD_ScopeCode>
    </hierarchyLevel>
    <contact>
        <CI_ResponsibleParty>
            <contactInfo gco:nilReason="missing"/>
            <role>
                <CI_RoleCode codeList="http://www.isotc211.org/2005/resources/Codelist/gmxCodelists.xml#CI_RoleCode" codeListValue="pointOfContact" codeSpace="ISOTC211/19115">pointOfContact</CI_RoleCode>
            </role>
        </CI_ResponsibleParty>
    </contact>
    <dateStamp>
        <gco:Date>2018-10-17</gco:Date>
    </dateStamp>
    <metadataStandardName>
        <gco:CharacterString>NAP - Metadata</gco:CharacterString>
    </metadataStandardName>
    <metadataStandardVersion>
        <gco:CharacterString>1.2</gco:CharacterString>
    </metadataStandardVersion>
    <identificationInfo>
        <MD_DataIdentification>
            <citation>
                <CI_Citation>
                    <title>
                        <gco:CharacterString>Bikeways</gco:CharacterString>
                    </title>
                    <date gco:nilReason="missing"/>
                    <citedResponsibleParty gco:nilReason="missing"/>
                </CI_Citation>
            </citation>
            <abstract>
                <gco:CharacterString>Existing on-street bikeways in Hamilton. Includes proposed upgrades and infrastructure connections to neighbouring municipalities. Types include:Designated Bike LaneBicycle PathBike Routes, both cautionary un-signed and signed on-streetPaved ShoulderAre you looking for off-street bikeways? View our Trails dataset</gco:CharacterString>
            </abstract>
            <credit>
                <gco:CharacterString>City of Hamilton</gco:CharacterString>
            </credit>
            <status gco:nilReason="missing"/>
            <descriptiveKeywords>
                <MD_Keywords>
                    <keyword>
                        <gco:CharacterString>Bikeways</gco:CharacterString>
                    </keyword>
                    <keyword>
                        <gco:CharacterString>Bike Lanes</gco:CharacterString>
                    </keyword>
                    <keyword>
                        <gco:CharacterString>Bike</gco:CharacterString>
                    </keyword>
                    <keyword>
                        <gco:CharacterString>Bicycle</gco:CharacterString>
                    </keyword>
                    <keyword>
                        <gco:CharacterString>Parks &amp; Recreation</gco:CharacterString>
                    </keyword>
                    <keyword>
                        <gco:CharacterString>Parking &amp; Transportation</gco:CharacterString>
                    </keyword>
                </MD_Keywords>
            </descriptiveKeywords>
            <descriptiveKeywords>
                <MD_Keywords>
                    <keyword>
                        <gco:CharacterString>Bikeways</gco:CharacterString>
                    </keyword>
                    <keyword>
                        <gco:CharacterString>Bike Lanes</gco:CharacterString>
                    </keyword>
                    <keyword>
                        <gco:CharacterString>Bike</gco:CharacterString>
                    </keyword>
                    <keyword>
                        <gco:CharacterString>Bicycle</gco:CharacterString>
                    </keyword>
                    <keyword>
                        <gco:CharacterString>Parks &amp; Recreation</gco:CharacterString>
                    </keyword>
                    <keyword>
                        <gco:CharacterString>Parking &amp; Transportation</gco:CharacterString>
                    </keyword>
                </MD_Keywords>
            </descriptiveKeywords>
            <descriptiveKeywords>
                <MD_Keywords>
                    <keyword>
                        <gco:CharacterString>Bikeways</gco:CharacterString>
                    </keyword>
                    <keyword>
                        <gco:CharacterString>Bike Lanes</gco:CharacterString>
                    </keyword>
                    <keyword>
                        <gco:CharacterString>Bike</gco:CharacterString>
                    </keyword>
                    <keyword>
                        <gco:CharacterString>Bicycle</gco:CharacterString>
                    </keyword>
                    <keyword>
                        <gco:CharacterString>Parks &amp; Recreation</gco:CharacterString>
                    </keyword>
                    <keyword>
                        <gco:CharacterString>Parking &amp; Transportation</gco:CharacterString>
                    </keyword>
                </MD_Keywords>
            </descriptiveKeywords>
            <descriptiveKeywords>
                <MD_Keywords>
                    <keyword>
                        <gco:CharacterString>Bikeways</gco:CharacterString>
                    </keyword>
                    <keyword>
                        <gco:CharacterString>Bike Lanes</gco:CharacterString>
                    </keyword>
                    <keyword>
                        <gco:CharacterString>Bike</gco:CharacterString>
                    </keyword>
                    <keyword>
                        <gco:CharacterString>Bicycle</gco:CharacterString>
                    </keyword>
                    <keyword>
                        <gco:CharacterString>Parks &amp; Recreation</gco:CharacterString>
                    </keyword>
                    <keyword>
                        <gco:CharacterString>Parking &amp; Transportation</gco:CharacterString>
                    </keyword>
                </MD_Keywords>
            </descriptiveKeywords>
            <descriptiveKeywords>
                <MD_Keywords>
                    <keyword>
                        <gco:CharacterString>Bikeways</gco:CharacterString>
                    </keyword>
                    <keyword>
                        <gco:CharacterString>Bike Lanes</gco:CharacterString>
                    </keyword>
                    <keyword>
                        <gco:CharacterString>Bike</gco:CharacterString>
                    </keyword>
                    <keyword>
                        <gco:CharacterString>Bicycle</gco:CharacterString>
                    </keyword>
                    <keyword>
                        <gco:CharacterString>Parks &amp; Recreation</gco:CharacterString>
                    </keyword>
                    <keyword>
                        <gco:CharacterString>Parking &amp; Transportation</gco:CharacterString>
                    </keyword>
                </MD_Keywords>
            </descriptiveKeywords>
            <descriptiveKeywords>
                <MD_Keywords>
                    <keyword>
                        <gco:CharacterString>Bikeways</gco:CharacterString>
                    </keyword>
                    <keyword>
                        <gco:CharacterString>Bike Lanes</gco:CharacterString>
                    </keyword>
                    <keyword>
                        <gco:CharacterString>Bike</gco:CharacterString>
                    </keyword>
                    <keyword>
                        <gco:CharacterString>Bicycle</gco:CharacterString>
                    </keyword>
                    <keyword>
                        <gco:CharacterString>Parks &amp; Recreation</gco:CharacterString>
                    </keyword>
                    <keyword>
                        <gco:CharacterString>Parking &amp; Transportation</gco:CharacterString>
                    </keyword>
                </MD_Keywords>
            </descriptiveKeywords>
            <resourceConstraints>
                <MD_Constraints>
                    <useLimitation>
                        <gco:CharacterString>Open Data Licence Terms and Conditions</gco:CharacterString>
                    </useLimitation>
                </MD_Constraints>
            </resourceConstraints>
            <language gco:nilReason="missing"/>
            <characterSet>
                <MD_CharacterSetCode codeList="http://www.isotc211.org/2005/resources/Codelist/gmxCodelists.xml#MD_CharacterSetCode" codeListValue="utf8" codeSpace="ISOTC211/19115">utf8</MD_CharacterSetCode>
            </characterSet>
        </MD_DataIdentification>
    </identificationInfo>
    <distributionInfo>
        <MD_Distribution>
            <distributionFormat gco:nilReason="missing"/>
            <transferOptions>
                <MD_DigitalTransferOptions>
                    <onLine>
                        <CI_OnlineResource>
                            <linkage>
                                <URL>https://spatialsolutions.hamilton.ca/webgis/rest/services/OpenData/Spatial_Collection_1/MapServer/7</URL>
                            </linkage>
                            <protocol gco:nilReason="missing"/>
                        </CI_OnlineResource>
                    </onLine>
                    <onLine>
                        <CI_OnlineResource>
                            <linkage>
                                <URL>http://opendata.hamilton.ca/CSV/BIKEWAYS.csv</URL>
                            </linkage>
                            <protocol gco:nilReason="missing"/>
                            <name>
                                <gco:CharacterString>BIKEWAYS as a CSV</gco:CharacterString>
                            </name>
                            <function>
                                <CI_OnLineFunctionCode codeList="http://www.isotc211.org/2005/resources/Codelist/gmxCodelists.xml#CI_OnLineFunctionCode" codeListValue="download" codeSpace="ISOTC211/19115">download</CI_OnLineFunctionCode>
                            </function>
                        </CI_OnlineResource>
                    </onLine>
                    <onLine>
                        <CI_OnlineResource>
                            <linkage>
                                <URL>https://spatialsolutions.maps.arcgis.com/sharing/rest/content/items/7d90015cdb864f938cd16ee8e7ea7330/data</URL>
                            </linkage>
                            <protocol gco:nilReason="missing"/>
                            <name>
                                <gco:CharacterString>Metadata</gco:CharacterString>
                            </name>
                            <function>
                                <CI_OnLineFunctionCode codeList="http://www.isotc211.org/2005/resources/Codelist/gmxCodelists.xml#CI_OnLineFunctionCode" codeListValue="download" codeSpace="ISOTC211/19115">download</CI_OnLineFunctionCode>
                            </function>
                        </CI_OnlineResource>
                    </onLine>
                </MD_DigitalTransferOptions>
            </transferOptions>
        </MD_Distribution>
    </distributionInfo>
</MD_Metadata>
