<?xml version="1.0" encoding="UTF-8"?><mdb:MD_Metadata xmlns:msr="http://standards.iso.org/iso/19115/-3/msr/1.0" xmlns:cit="http://standards.iso.org/iso/19115/-3/cit/1.0" xmlns:mex="http://standards.iso.org/iso/19115/-3/mex/1.0" xmlns:gcx="http://standards.iso.org/iso/19115/-3/gcx/1.0" xmlns:mmi="http://standards.iso.org/iso/19115/-3/mmi/1.0" xmlns:mac="http://standards.iso.org/iso/19115/-3/mac/1.0" xmlns:esri="http://www.esri.com/metadata/" xmlns:mdb="http://standards.iso.org/iso/19115/-3/mdb/1.0" xmlns:mda="http://standards.iso.org/iso/19115/-3/mda/1.0" xmlns:xsi="http://www.w3.org/2001/XMLSchema-instance" xmlns:mpc="http://standards.iso.org/iso/19115/-3/mpc/1.0" xmlns:cat="http://standards.iso.org/iso/19115/-3/cat/1.0" xmlns:gco="http://standards.iso.org/iso/19115/-3/gco/1.0" xmlns:xlink="http://www.w3.org/1999/xlink" xmlns:lan="http://standards.iso.org/iso/19115/-3/lan/1.0" xmlns:t="http://www.esri.com/xslt/translator" xmlns:mco="http://standards.iso.org/iso/19115/-3/mco/1.0" xmlns:mrs="http://standards.iso.org/iso/19115/-3/mrs/1.0" xmlns:dqc="http://standards.iso.org/iso/19157/-2/dqc/1.0" xmlns:gml="http://www.opengis.net/gml/3.2" xmlns:mrl="http://standards.iso.org/iso/19115/-3/mrl/1.0" xmlns:gex="http://standards.iso.org/iso/19115/-3/gex/1.0" xmlns:mdt="http://standards.iso.org/iso/19115/-3/mdt/1.0" xmlns:mri="http://standards.iso.org/iso/19115/-3/mri/1.0" xmlns:mas="http://standards.iso.org/iso/19115/-3/mas/1.0" xmlns:mds="http://standards.iso.org/iso/19115/-3/mds/1.0" xmlns:mcc="http://standards.iso.org/iso/19115/-3/mcc/1.0" xmlns:srv="http://standards.iso.org/iso/19115/-3/srv/2.0" xmlns:mdq="http://standards.iso.org/iso/19157/-2/mdq/1.0" xmlns:mrd="http://standards.iso.org/iso/19115/-3/mrd/1.0" xmlns:res="http://www.esri.com/metadata/res/" xmlns:mrc="http://standards.iso.org/iso/19115/-3/mrc/1.0">
    <mdb:metadataIdentifier>
        <mcc:MD_Identifier>
            <mcc:code>
                <gco:CharacterString>753a9c56-9dfd-3026-b4c0-e229e0cbc544</gco:CharacterString>
            </mcc:code>
        </mcc:MD_Identifier>
    </mdb:metadataIdentifier>
    <mdb:defaultLocale>
        <lan:PT_Locale>
            <lan:language gco:nilReason="unknown"/>
            <lan:characterEncoding>
                <lan:MD_CharacterSetCode codeList="standards.iso.org/19115/-3/lan/1.0/codelists.xml#MD_CharacterSetCode" codeListValue="utf8">utf8</lan:MD_CharacterSetCode>
            </lan:characterEncoding>
        </lan:PT_Locale>
    </mdb:defaultLocale>
    <mdb:contact>
        <cit:CI_Responsibility>
            <cit:party>
                <cit:CI_Organisation>
                    <cit:name>
                        <gco:CharacterString>City of Hamilton; Corporate Services; Information Technology</gco:CharacterString>
                    </cit:name>
                    <cit:contactInfo>
                        <cit:CI_Contact>
                            <cit:address>
                                <cit:CI_Address>
                                    <cit:deliveryPoint>
                                        <gco:CharacterString>55 York Boulevard, 6th Floor</gco:CharacterString>
                                    </cit:deliveryPoint>
                                    <cit:city>
                                        <gco:CharacterString>Hamilton</gco:CharacterString>
                                    </cit:city>
                                    <cit:administrativeArea>
                                        <gco:CharacterString>Ontario</gco:CharacterString>
                                    </cit:administrativeArea>
                                    <cit:postalCode>
                                        <gco:CharacterString>L8R 3K1</gco:CharacterString>
                                    </cit:postalCode>
                                    <cit:country>
                                        <lan:CountryCode codeList="http://www.iso.org/iso/country_codes/iso_3166_code_lists.htm" codeListValue="CA">CA</lan:CountryCode>
                                    </cit:country>
                                    <cit:electronicMailAddress>
                                        <gco:CharacterString>gisservices@hamilton.ca</gco:CharacterString>
                                    </cit:electronicMailAddress>
                                </cit:CI_Address>
                            </cit:address>
                        </cit:CI_Contact>
                    </cit:contactInfo>
                </cit:CI_Organisation>
            </cit:party>
        </cit:CI_Responsibility>
    </mdb:contact>
    <mdb:dateInfo>
        <cit:CI_Date>
            <cit:date>
                <gco:DateTime>2021-03-30</gco:DateTime>
            </cit:date>
            <cit:dateType>
                <cit:CI_DateTypeCode codeList="standards.iso.org/19115/-3/lan/1.0/codelists.xml#CI_DateTypeCode" codeListValue="revision">revision</cit:CI_DateTypeCode>
            </cit:dateType>
        </cit:CI_Date>
    </mdb:dateInfo>
    <mdb:metadataStandard>
        <cit:CI_Citation>
            <cit:title>
                <gco:CharacterString>ISO 19115-3 Geographic Information - Metadata - Part 1: Fundamentals</gco:CharacterString>
            </cit:title>
            <cit:edition>
                <gco:CharacterString>2014</gco:CharacterString>
            </cit:edition>
        </cit:CI_Citation>
    </mdb:metadataStandard>
    <mdb:otherLocale>
        <lan:PT_Locale>
            <lan:language>
                <lan:LanguageCode codeList="http://www.loc.gov/standards/iso639-2/php/code_list.php" codeListValue="eng">eng</lan:LanguageCode>
            </lan:language>
            <lan:country>
                <lan:CountryCode codeList="http://www.iso.org/iso/country_codes/iso_3166_code_lists.htm" codeListValue="CA">CA</lan:CountryCode>
            </lan:country>
            <lan:characterEncoding>
                <lan:MD_CharacterSetCode codeList="standards.iso.org/19115/-3/lan/1.0/codelists.xml#MD_CharacterSetCode" codeListValue="utf8">utf8</lan:MD_CharacterSetCode>
            </lan:characterEncoding>
        </lan:PT_Locale>
    </mdb:otherLocale>
    <mdb:referenceSystemInfo>
        <mrs:MD_ReferenceSystem>
            <mrs:referenceSystemIdentifier>
                <mcc:MD_Identifier>
                    <mcc:code>
                        <gco:CharacterString>http://www.opengis.net/def/crs/EPSG/0/26917</gco:CharacterString>
                    </mcc:code>
                </mcc:MD_Identifier>
            </mrs:referenceSystemIdentifier>
        </mrs:MD_ReferenceSystem>
    </mdb:referenceSystemInfo>
    <mdb:identificationInfo>
        <mri:MD_DataIdentification>
            <mri:citation>
                <cit:CI_Citation>
                    <cit:title>
                        <gco:CharacterString>GEODBA.PLACES_OF_WORSHIP</gco:CharacterString>
                    </cit:title>
                    <cit:alternateTitle>
                        <gco:CharacterString>Places Of Worship</gco:CharacterString>
                    </cit:alternateTitle>
                    <cit:citedResponsibleParty>
                        <cit:CI_Responsibility>
                            <cit:party>
                                <cit:CI_Organisation>
                                    <cit:name>
                                        <gco:CharacterString>City of Hamilton; Corporate Services; Information Technology</gco:CharacterString>
                                    </cit:name>
                                    <cit:contactInfo>
                                        <cit:CI_Contact>
                                            <cit:phone>
                                                <cit:CI_Telephone>
                                                    <cit:number>
                                                        <gco:CharacterString>905-546-2424 ext. 4274</gco:CharacterString>
                                                    </cit:number>
                                                    <cit:numberType>
                                                        <cit:CI_TelephoneTypeCode codeList="standards.iso.org/19115/-3/lan/1.0/codelists.xml#CI_TelephoneTypeCode" codeListValue="voice">voice</cit:CI_TelephoneTypeCode>
                                                    </cit:numberType>
                                                </cit:CI_Telephone>
                                            </cit:phone>
                                            <cit:address>
                                                <cit:CI_Address>
                                                    <cit:electronicMailAddress>
                                                        <gco:CharacterString>gisservices@hamilton.ca</gco:CharacterString>
                                                    </cit:electronicMailAddress>
                                                </cit:CI_Address>
                                            </cit:address>
                                        </cit:CI_Contact>
                                    </cit:contactInfo>
                                    <cit:individual>
                                        <cit:CI_Individual>
                                            <cit:name>
                                                <gco:CharacterString>Heather Howe</gco:CharacterString>
                                            </cit:name>
                                        </cit:CI_Individual>
                                    </cit:individual>
                                </cit:CI_Organisation>
                            </cit:party>
                        </cit:CI_Responsibility>
                    </cit:citedResponsibleParty>
                    <cit:onlineResource>
                        <cit:CI_OnlineResource>
                            <cit:linkage>
                                <gco:CharacterString>https://SpatialSolutions.maps.arcgis.com/sharing/rest/content/items/7002074dc5384bffa9df605ed687089e/data</gco:CharacterString>
                            </cit:linkage>
                            <cit:protocol gco:nilReason="missing"/>
                            <cit:name>
                                <gco:CharacterString>Metadata</gco:CharacterString>
                            </cit:name>
                            <cit:function>
                                <cit:CI_OnLineFunctionCode codeList="standards.iso.org/19115/-3/lan/1.0/codelists.xml#CI_OnLineFunctionCode" codeListValue="download">download</cit:CI_OnLineFunctionCode>
                            </cit:function>
                        </cit:CI_OnlineResource>
                    </cit:onlineResource>
                </cit:CI_Citation>
            </mri:citation>
            <mri:abstract gco:nilReason="missing"/>
            <mri:purpose>
                <gco:CharacterString>Location of buildings used for religious congregations.</gco:CharacterString>
            </mri:purpose>
            <mri:topicCategory>
                <mri:MD_TopicCategoryCode>structure</mri:MD_TopicCategoryCode>
            </mri:topicCategory>
            <mri:extent>
                <gex:EX_Extent>
                    <gex:description>
                        <gco:CharacterString>City of Hamilton</gco:CharacterString>
                    </gex:description>
                    <gex:geographicElement>
                        <gex:EX_GeographicBoundingBox>
                            <gex:westBoundLongitude>
                                <gco:Decimal>-80.0274</gco:Decimal>
                            </gex:westBoundLongitude>
                            <gex:eastBoundLongitude>
                                <gco:Decimal>-79.5124</gco:Decimal>
                            </gex:eastBoundLongitude>
                            <gex:southBoundLatitude>
                                <gco:Decimal>43.1688</gco:Decimal>
                            </gex:southBoundLatitude>
                            <gex:northBoundLatitude>
                                <gco:Decimal>43.4211</gco:Decimal>
                            </gex:northBoundLatitude>
                        </gex:EX_GeographicBoundingBox>
                    </gex:geographicElement>
                </gex:EX_Extent>
            </mri:extent>
            <mri:resourceMaintenance>
                <mmi:MD_MaintenanceInformation/>
            </mri:resourceMaintenance>
            <mri:descriptiveKeywords>
                <mri:MD_Keywords>
                    <mri:keyword>
                        <gco:CharacterString>Religious buildings</gco:CharacterString>
                    </mri:keyword>
                    <mri:type>
                        <mri:MD_KeywordTypeCode codeList="standards.iso.org/19115/-3/lan/1.0/codelists.xml#napMD_KeywordTypeCode" codeListValue="theme">theme</mri:MD_KeywordTypeCode>
                    </mri:type>
                    <mri:thesaurusName>
                        <cit:CI_Citation>
                            <cit:title>
                                <gco:CharacterString>Government of Canada Core Subject Thesaurus</gco:CharacterString>
                            </cit:title>
                        </cit:CI_Citation>
                    </mri:thesaurusName>
                </mri:MD_Keywords>
            </mri:descriptiveKeywords>
            <mri:descriptiveKeywords>
                <mri:MD_Keywords>
                    <mri:keyword gco:nilReason="missing"/>
                    <mri:type>
                        <mri:MD_KeywordTypeCode codeList="standards.iso.org/19115/-3/lan/1.0/codelists.xml#napMD_KeywordTypeCode" codeListValue="unknown">unknown</mri:MD_KeywordTypeCode>
                    </mri:type>
                </mri:MD_Keywords>
            </mri:descriptiveKeywords>
            <mri:resourceConstraints>
                <mco:MD_LegalConstraints>
                    <mco:useLimitation>
                        <gco:CharacterString>The City of Hamilton - Data Dissemination Policy</gco:CharacterString>
                    </mco:useLimitation>
                    <mco:otherConstraints>
                        <gco:CharacterString>Open Data</gco:CharacterString>
                    </mco:otherConstraints>
                </mco:MD_LegalConstraints>
            </mri:resourceConstraints>
            <mri:resourceConstraints>
                <mco:MD_LegalConstraints>
                    <mco:accessConstraints>
                        <mco:MD_RestrictionCode codeList="standards.iso.org/19115/-3/lan/1.0/codelists.xml#MD_RestrictionCode" codeListValue="otherRestrictions">otherRestrictions</mco:MD_RestrictionCode>
                    </mco:accessConstraints>
                    <mco:otherConstraints>
                        <gco:CharacterString>Other Constraints</gco:CharacterString>
                    </mco:otherConstraints>
                </mco:MD_LegalConstraints>
            </mri:resourceConstraints>
            <mri:resourceConstraints>
                <mco:MD_LegalConstraints>
                    <mco:useConstraints>
                        <mco:MD_RestrictionCode codeList="standards.iso.org/19115/-3/lan/1.0/codelists.xml#MD_RestrictionCode" codeListValue="otherRestrictions">otherRestrictions</mco:MD_RestrictionCode>
                    </mco:useConstraints>
                    <mco:otherConstraints>
                        <gco:CharacterString>Other Constraints</gco:CharacterString>
                    </mco:otherConstraints>
                </mco:MD_LegalConstraints>
            </mri:resourceConstraints>
            <mri:defaultLocale gco:nilReason="unknown"/>
        </mri:MD_DataIdentification>
    </mdb:identificationInfo>
    <mdb:distributionInfo>
        <mrd:MD_Distribution>
            <mrd:distributionFormat>
                <mrd:MD_Format>
                    <mrd:formatSpecificationCitation>
                        <cit:CI_Citation>
                            <cit:title>
                                <gco:CharacterString>FGDB/GDB</gco:CharacterString>
                            </cit:title>
                            <cit:edition>
                                <gco:CharacterString>10.6.1</gco:CharacterString>
                            </cit:edition>
                        </cit:CI_Citation>
                    </mrd:formatSpecificationCitation>
                </mrd:MD_Format>
            </mrd:distributionFormat>
            <mrd:distributionFormat>
                <mrd:MD_Format>
                    <mrd:formatSpecificationCitation>
                        <cit:CI_Citation>
                            <cit:title>
                                <gco:CharacterString>SHP</gco:CharacterString>
                            </cit:title>
                            <cit:edition>
                                <gco:CharacterString>unknown</gco:CharacterString>
                            </cit:edition>
                        </cit:CI_Citation>
                    </mrd:formatSpecificationCitation>
                </mrd:MD_Format>
            </mrd:distributionFormat>
            <mrd:distributor>
                <mrd:MD_Distributor>
                    <mrd:distributorContact>
                        <cit:CI_Responsibility>
                            <cit:party>
                                <cit:CI_Organisation>
                                    <cit:name>
                                        <gco:CharacterString>City of Hamilton; Corporate Services; Information Technology</gco:CharacterString>
                                    </cit:name>
                                    <cit:contactInfo>
                                        <cit:CI_Contact>
                                            <cit:address>
                                                <cit:CI_Address>
                                                    <cit:deliveryPoint>
                                                        <gco:CharacterString>55 York Boulevard, 6th Floor</gco:CharacterString>
                                                    </cit:deliveryPoint>
                                                    <cit:city>
                                                        <gco:CharacterString>Hamilton</gco:CharacterString>
                                                    </cit:city>
                                                    <cit:administrativeArea>
                                                        <gco:CharacterString>Ontario</gco:CharacterString>
                                                    </cit:administrativeArea>
                                                    <cit:postalCode>
                                                        <gco:CharacterString>L8R 3K1</gco:CharacterString>
                                                    </cit:postalCode>
                                                    <cit:country>
                                                        <lan:CountryCode codeList="http://www.iso.org/iso/country_codes/iso_3166_code_lists.htm" codeListValue="CA">CA</lan:CountryCode>
                                                    </cit:country>
                                                    <cit:electronicMailAddress>
                                                        <gco:CharacterString>gisservices@hamilton.ca</gco:CharacterString>
                                                    </cit:electronicMailAddress>
                                                </cit:CI_Address>
                                            </cit:address>
                                        </cit:CI_Contact>
                                    </cit:contactInfo>
                                </cit:CI_Organisation>
                            </cit:party>
                        </cit:CI_Responsibility>
                    </mrd:distributorContact>
                </mrd:MD_Distributor>
            </mrd:distributor>
            <mrd:transferOptions>
                <mrd:MD_DigitalTransferOptions>
                    <mrd:onLine>
                        <cit:CI_OnlineResource>
                            <cit:linkage>
                                <gco:CharacterString>https://SpatialSolutions.maps.arcgis.com/sharing/rest/content/items/7002074dc5384bffa9df605ed687089e/data</gco:CharacterString>
                            </cit:linkage>
                            <cit:protocol gco:nilReason="missing"/>
                            <cit:name>
                                <gco:CharacterString>Metadata</gco:CharacterString>
                            </cit:name>
                            <cit:function>
                                <cit:CI_OnLineFunctionCode codeList="standards.iso.org/19115/-3/lan/1.0/codelists.xml#CI_OnLineFunctionCode" codeListValue="download">download</cit:CI_OnLineFunctionCode>
                            </cit:function>
                        </cit:CI_OnlineResource>
                    </mrd:onLine>
                </mrd:MD_DigitalTransferOptions>
            </mrd:transferOptions>
        </mrd:MD_Distribution>
    </mdb:distributionInfo>
</mdb:MD_Metadata>
