<?xml version="1.0" encoding="UTF-8"?><mdb:MD_Metadata xmlns:msr="http://standards.iso.org/iso/19115/-3/msr/1.0" xmlns:cit="http://standards.iso.org/iso/19115/-3/cit/1.0" xmlns:mex="http://standards.iso.org/iso/19115/-3/mex/1.0" xmlns:gcx="http://standards.iso.org/iso/19115/-3/gcx/1.0" xmlns:mmi="http://standards.iso.org/iso/19115/-3/mmi/1.0" xmlns:mac="http://standards.iso.org/iso/19115/-3/mac/1.0" xmlns:esri="http://www.esri.com/metadata/" xmlns:mdb="http://standards.iso.org/iso/19115/-3/mdb/1.0" xmlns:mda="http://standards.iso.org/iso/19115/-3/mda/1.0" xmlns:xsi="http://www.w3.org/2001/XMLSchema-instance" xmlns:mpc="http://standards.iso.org/iso/19115/-3/mpc/1.0" xmlns:cat="http://standards.iso.org/iso/19115/-3/cat/1.0" xmlns:gco="http://standards.iso.org/iso/19115/-3/gco/1.0" xmlns:xlink="http://www.w3.org/1999/xlink" xmlns:lan="http://standards.iso.org/iso/19115/-3/lan/1.0" xmlns:t="http://www.esri.com/xslt/translator" xmlns:mco="http://standards.iso.org/iso/19115/-3/mco/1.0" xmlns:mrs="http://standards.iso.org/iso/19115/-3/mrs/1.0" xmlns:dqc="http://standards.iso.org/iso/19157/-2/dqc/1.0" xmlns:gml="http://www.opengis.net/gml/3.2" xmlns:mrl="http://standards.iso.org/iso/19115/-3/mrl/1.0" xmlns:gex="http://standards.iso.org/iso/19115/-3/gex/1.0" xmlns:mdt="http://standards.iso.org/iso/19115/-3/mdt/1.0" xmlns:mri="http://standards.iso.org/iso/19115/-3/mri/1.0" xmlns:mas="http://standards.iso.org/iso/19115/-3/mas/1.0" xmlns:mds="http://standards.iso.org/iso/19115/-3/mds/1.0" xmlns:mcc="http://standards.iso.org/iso/19115/-3/mcc/1.0" xmlns:srv="http://standards.iso.org/iso/19115/-3/srv/2.0" xmlns:mdq="http://standards.iso.org/iso/19157/-2/mdq/1.0" xmlns:mrd="http://standards.iso.org/iso/19115/-3/mrd/1.0" xmlns:res="http://www.esri.com/metadata/res/" xmlns:mrc="http://standards.iso.org/iso/19115/-3/mrc/1.0">
    <mdb:metadataIdentifier>
        <mcc:MD_Identifier>
            <mcc:code>
                <gco:CharacterString>544170b5b1be435592b1aea014265c7d</gco:CharacterString>
            </mcc:code>
        </mcc:MD_Identifier>
    </mdb:metadataIdentifier>
    <mdb:metadataScope>
        <mdb:MD_MetadataScope>
            <mdb:resourceScope>
                <MD_ScopeCode codeList="standards.iso.org/19115/-3/lan/1.0/codelists.xml#MD_ScopeCode" codeListValue="dataset">dataset</MD_ScopeCode>
            </mdb:resourceScope>
        </mdb:MD_MetadataScope>
    </mdb:metadataScope>
    <mdb:contact>
        <cit:CI_Responsibility>
            <cit:role>
                <cit:CI_RoleCode codeList="standards.iso.org/19115/-3/lan/1.0/codelists.xml#CI_RoleCode" codeListValue="pointOfContact">pointOfContact</cit:CI_RoleCode>
            </cit:role>
        </cit:CI_Responsibility>
    </mdb:contact>
    <mdb:dateInfo>
        <cit:CI_Date>
            <cit:date>
                <gco:DateTime>2018-10-17T00:00:00</gco:DateTime>
            </cit:date>
            <cit:dateType>
                <cit:CI_DateTypeCode codeList="standards.iso.org/19115/-3/lan/1.0/codelists.xml#CI_DateTypeCode" codeListValue="revision">revision</cit:CI_DateTypeCode>
            </cit:dateType>
        </cit:CI_Date>
    </mdb:dateInfo>
    <mdb:metadataStandard>
        <cit:CI_Citation>
            <cit:title>
                <gco:CharacterString>ISO 19115-3 Geographic Information - Metadata - Part 1: Fundamentals</gco:CharacterString>
            </cit:title>
            <cit:edition>
                <gco:CharacterString>2014</gco:CharacterString>
            </cit:edition>
        </cit:CI_Citation>
    </mdb:metadataStandard>
    <mdb:identificationInfo>
        <mri:MD_DataIdentification>
            <mri:citation>
                <cit:CI_Citation>
                    <cit:title>
                        <gco:CharacterString>Bikeways</gco:CharacterString>
                    </cit:title>
                    <cit:onlineResource>
                        <cit:CI_OnlineResource>
                            <cit:linkage>
                                <gco:CharacterString>https://spatialsolutions.hamilton.ca/webgis/rest/services/OpenData/Spatial_Collection_1/MapServer/7</gco:CharacterString>
                            </cit:linkage>
                            <cit:protocol gco:nilReason="missing"/>
                        </cit:CI_OnlineResource>
                    </cit:onlineResource>
                    <cit:onlineResource>
                        <cit:CI_OnlineResource>
                            <cit:linkage>
                                <gco:CharacterString>http://opendata.hamilton.ca/CSV/BIKEWAYS.csv</gco:CharacterString>
                            </cit:linkage>
                            <cit:protocol gco:nilReason="missing"/>
                            <cit:name>
                                <gco:CharacterString>BIKEWAYS as a CSV</gco:CharacterString>
                            </cit:name>
                            <cit:function>
                                <cit:CI_OnLineFunctionCode codeList="standards.iso.org/19115/-3/lan/1.0/codelists.xml#CI_OnLineFunctionCode" codeListValue="download">download</cit:CI_OnLineFunctionCode>
                            </cit:function>
                        </cit:CI_OnlineResource>
                    </cit:onlineResource>
                    <cit:onlineResource>
                        <cit:CI_OnlineResource>
                            <cit:linkage>
                                <gco:CharacterString>https://spatialsolutions.maps.arcgis.com/sharing/rest/content/items/7d90015cdb864f938cd16ee8e7ea7330/data</gco:CharacterString>
                            </cit:linkage>
                            <cit:protocol gco:nilReason="missing"/>
                            <cit:name>
                                <gco:CharacterString>Metadata</gco:CharacterString>
                            </cit:name>
                            <cit:function>
                                <cit:CI_OnLineFunctionCode codeList="standards.iso.org/19115/-3/lan/1.0/codelists.xml#CI_OnLineFunctionCode" codeListValue="download">download</cit:CI_OnLineFunctionCode>
                            </cit:function>
                        </cit:CI_OnlineResource>
                    </cit:onlineResource>
                </cit:CI_Citation>
            </mri:citation>
            <mri:abstract>
                <gco:CharacterString>Existing on-street bikeways in Hamilton. Includes proposed upgrades and infrastructure connections to neighbouring municipalities. Types include:Designated Bike LaneBicycle PathBike Routes, both cautionary un-signed and signed on-streetPaved ShoulderAre you looking for off-street bikeways? View our Trails dataset</gco:CharacterString>
            </mri:abstract>
            <mri:credit>
                <gco:CharacterString>City of Hamilton</gco:CharacterString>
            </mri:credit>
            <mri:descriptiveKeywords>
                <mri:MD_Keywords>
                    <mri:keyword>
                        <gco:CharacterString>Bikeways</gco:CharacterString>
                    </mri:keyword>
                    <mri:keyword>
                        <gco:CharacterString>Bike Lanes</gco:CharacterString>
                    </mri:keyword>
                    <mri:keyword>
                        <gco:CharacterString>Bike</gco:CharacterString>
                    </mri:keyword>
                    <mri:keyword>
                        <gco:CharacterString>Bicycle</gco:CharacterString>
                    </mri:keyword>
                    <mri:keyword>
                        <gco:CharacterString>Parks &amp; Recreation</gco:CharacterString>
                    </mri:keyword>
                    <mri:keyword>
                        <gco:CharacterString>Parking &amp; Transportation</gco:CharacterString>
                    </mri:keyword>
                </mri:MD_Keywords>
            </mri:descriptiveKeywords>
            <mri:descriptiveKeywords>
                <mri:MD_Keywords>
                    <mri:keyword>
                        <gco:CharacterString>Bikeways</gco:CharacterString>
                    </mri:keyword>
                    <mri:keyword>
                        <gco:CharacterString>Bike Lanes</gco:CharacterString>
                    </mri:keyword>
                    <mri:keyword>
                        <gco:CharacterString>Bike</gco:CharacterString>
                    </mri:keyword>
                    <mri:keyword>
                        <gco:CharacterString>Bicycle</gco:CharacterString>
                    </mri:keyword>
                    <mri:keyword>
                        <gco:CharacterString>Parks &amp; Recreation</gco:CharacterString>
                    </mri:keyword>
                    <mri:keyword>
                        <gco:CharacterString>Parking &amp; Transportation</gco:CharacterString>
                    </mri:keyword>
                </mri:MD_Keywords>
            </mri:descriptiveKeywords>
            <mri:descriptiveKeywords>
                <mri:MD_Keywords>
                    <mri:keyword>
                        <gco:CharacterString>Bikeways</gco:CharacterString>
                    </mri:keyword>
                    <mri:keyword>
                        <gco:CharacterString>Bike Lanes</gco:CharacterString>
                    </mri:keyword>
                    <mri:keyword>
                        <gco:CharacterString>Bike</gco:CharacterString>
                    </mri:keyword>
                    <mri:keyword>
                        <gco:CharacterString>Bicycle</gco:CharacterString>
                    </mri:keyword>
                    <mri:keyword>
                        <gco:CharacterString>Parks &amp; Recreation</gco:CharacterString>
                    </mri:keyword>
                    <mri:keyword>
                        <gco:CharacterString>Parking &amp; Transportation</gco:CharacterString>
                    </mri:keyword>
                </mri:MD_Keywords>
            </mri:descriptiveKeywords>
            <mri:descriptiveKeywords>
                <mri:MD_Keywords>
                    <mri:keyword>
                        <gco:CharacterString>Bikeways</gco:CharacterString>
                    </mri:keyword>
                    <mri:keyword>
                        <gco:CharacterString>Bike Lanes</gco:CharacterString>
                    </mri:keyword>
                    <mri:keyword>
                        <gco:CharacterString>Bike</gco:CharacterString>
                    </mri:keyword>
                    <mri:keyword>
                        <gco:CharacterString>Bicycle</gco:CharacterString>
                    </mri:keyword>
                    <mri:keyword>
                        <gco:CharacterString>Parks &amp; Recreation</gco:CharacterString>
                    </mri:keyword>
                    <mri:keyword>
                        <gco:CharacterString>Parking &amp; Transportation</gco:CharacterString>
                    </mri:keyword>
                </mri:MD_Keywords>
            </mri:descriptiveKeywords>
            <mri:descriptiveKeywords>
                <mri:MD_Keywords>
                    <mri:keyword>
                        <gco:CharacterString>Bikeways</gco:CharacterString>
                    </mri:keyword>
                    <mri:keyword>
                        <gco:CharacterString>Bike Lanes</gco:CharacterString>
                    </mri:keyword>
                    <mri:keyword>
                        <gco:CharacterString>Bike</gco:CharacterString>
                    </mri:keyword>
                    <mri:keyword>
                        <gco:CharacterString>Bicycle</gco:CharacterString>
                    </mri:keyword>
                    <mri:keyword>
                        <gco:CharacterString>Parks &amp; Recreation</gco:CharacterString>
                    </mri:keyword>
                    <mri:keyword>
                        <gco:CharacterString>Parking &amp; Transportation</gco:CharacterString>
                    </mri:keyword>
                </mri:MD_Keywords>
            </mri:descriptiveKeywords>
            <mri:descriptiveKeywords>
                <mri:MD_Keywords>
                    <mri:keyword>
                        <gco:CharacterString>Bikeways</gco:CharacterString>
                    </mri:keyword>
                    <mri:keyword>
                        <gco:CharacterString>Bike Lanes</gco:CharacterString>
                    </mri:keyword>
                    <mri:keyword>
                        <gco:CharacterString>Bike</gco:CharacterString>
                    </mri:keyword>
                    <mri:keyword>
                        <gco:CharacterString>Bicycle</gco:CharacterString>
                    </mri:keyword>
                    <mri:keyword>
                        <gco:CharacterString>Parks &amp; Recreation</gco:CharacterString>
                    </mri:keyword>
                    <mri:keyword>
                        <gco:CharacterString>Parking &amp; Transportation</gco:CharacterString>
                    </mri:keyword>
                </mri:MD_Keywords>
            </mri:descriptiveKeywords>
            <mri:resourceConstraints>
                <mco:MD_Constraints>
                    <mco:useLimitation>
                        <gco:CharacterString>Open Data Licence Terms and Conditions</gco:CharacterString>
                    </mco:useLimitation>
                </mco:MD_Constraints>
            </mri:resourceConstraints>
            <mri:defaultLocale gco:nilReason="missing"/>
        </mri:MD_DataIdentification>
    </mdb:identificationInfo>
    <mdb:distributionInfo>
        <mrd:MD_Distribution>
            <mrd:transferOptions>
                <mrd:MD_DigitalTransferOptions>
                    <mrd:onLine>
                        <cit:CI_OnlineResource>
                            <cit:linkage>
                                <gco:CharacterString>https://spatialsolutions.hamilton.ca/webgis/rest/services/OpenData/Spatial_Collection_1/MapServer/7</gco:CharacterString>
                            </cit:linkage>
                            <cit:protocol gco:nilReason="missing"/>
                        </cit:CI_OnlineResource>
                    </mrd:onLine>
                    <mrd:onLine>
                        <cit:CI_OnlineResource>
                            <cit:linkage>
                                <gco:CharacterString>http://opendata.hamilton.ca/CSV/BIKEWAYS.csv</gco:CharacterString>
                            </cit:linkage>
                            <cit:protocol gco:nilReason="missing"/>
                            <cit:name>
                                <gco:CharacterString>BIKEWAYS as a CSV</gco:CharacterString>
                            </cit:name>
                            <cit:function>
                                <cit:CI_OnLineFunctionCode codeList="standards.iso.org/19115/-3/lan/1.0/codelists.xml#CI_OnLineFunctionCode" codeListValue="download">download</cit:CI_OnLineFunctionCode>
                            </cit:function>
                        </cit:CI_OnlineResource>
                    </mrd:onLine>
                    <mrd:onLine>
                        <cit:CI_OnlineResource>
                            <cit:linkage>
                                <gco:CharacterString>https://spatialsolutions.maps.arcgis.com/sharing/rest/content/items/7d90015cdb864f938cd16ee8e7ea7330/data</gco:CharacterString>
                            </cit:linkage>
                            <cit:protocol gco:nilReason="missing"/>
                            <cit:name>
                                <gco:CharacterString>Metadata</gco:CharacterString>
                            </cit:name>
                            <cit:function>
                                <cit:CI_OnLineFunctionCode codeList="standards.iso.org/19115/-3/lan/1.0/codelists.xml#CI_OnLineFunctionCode" codeListValue="download">download</cit:CI_OnLineFunctionCode>
                            </cit:function>
                        </cit:CI_OnlineResource>
                    </mrd:onLine>
                </mrd:MD_DigitalTransferOptions>
            </mrd:transferOptions>
        </mrd:MD_Distribution>
    </mdb:distributionInfo>
</mdb:MD_Metadata>
