<?xml version="1.0" encoding="UTF-8"?><MD_Metadata xmlns:gts="http://www.isotc211.org/2005/gts" xmlns:gco="http://www.isotc211.org/2005/gco" xmlns:xalan="http://xml.apache.org/xalan" xmlns:srv="http://www.isotc211.org/2005/srv" xmlns:gmx="http://www.isotc211.org/2005/gmx" xmlns:xlink="http://www.w3.org/1999/xlink" xmlns:xsi="http://www.w3.org/2001/XMLSchema-instance" xmlns:gml="http://www.opengis.net/gml" xmlns="http://www.isotc211.org/2005/gmd">
    <fileIdentifier>
        <gco:CharacterString>e7686839-90e1-34dd-a745-493130b61a1f</gco:CharacterString>
    </fileIdentifier>
    <language>
        <gco:CharacterString>eng; CAN</gco:CharacterString>
    </language>
    <contact>
        <CI_ResponsibleParty>
            <organisationName>
                <gco:CharacterString>City of Hamilton; Corporate Services; Information Technology</gco:CharacterString>
            </organisationName>
            <contactInfo>
                <CI_Contact>
                    <address>
                        <CI_Address>
                            <deliveryPoint>
                                <gco:CharacterString>55 York Boulevard, 6th Floor</gco:CharacterString>
                            </deliveryPoint>
                            <city>
                                <gco:CharacterString>Hamilton</gco:CharacterString>
                            </city>
                            <administrativeArea>
                                <gco:CharacterString>Ontario</gco:CharacterString>
                            </administrativeArea>
                            <postalCode>
                                <gco:CharacterString>L8R 3K1</gco:CharacterString>
                            </postalCode>
                            <country>
                                <Country codeList="http://www.iso.org/iso/country_codes/iso_3166_code_lists.htm" codeListValue="CA" codeSpace="ISO3166-1">CA</Country>
                            </country>
                            <electronicMailAddress>
                                <gco:CharacterString>gisservices@hamilton.ca</gco:CharacterString>
                            </electronicMailAddress>
                        </CI_Address>
                    </address>
                </CI_Contact>
            </contactInfo>
        </CI_ResponsibleParty>
    </contact>
    <dateStamp>
        <gco:Date>2021-03-23</gco:Date>
    </dateStamp>
    <metadataStandardName>
        <gco:CharacterString>NAP - Metadata</gco:CharacterString>
    </metadataStandardName>
    <metadataStandardVersion>
        <gco:CharacterString>1.2</gco:CharacterString>
    </metadataStandardVersion>
    <locale>
        <PT_Locale>
            <languageCode>
                <LanguageCode codeList="http://www.loc.gov/standards/iso639-2/php/code_list.php" codeListValue="eng" codeSpace="ISO639-2">eng</LanguageCode>
            </languageCode>
            <country>
                <Country codeList="http://www.iso.org/iso/country_codes/iso_3166_code_lists.htm" codeListValue="CA" codeSpace="ISO3166-1">CA</Country>
            </country>
            <characterEncoding>
                <MD_CharacterSetCode codeList="http://www.isotc211.org/2005/resources/Codelist/gmxCodelists.xml#MD_CharacterSetCode" codeListValue="utf8" codeSpace="ISOTC211/19115">utf8</MD_CharacterSetCode>
            </characterEncoding>
        </PT_Locale>
    </locale>
    <referenceSystemInfo>
        <MD_ReferenceSystem>
            <referenceSystemIdentifier>
                <RS_Identifier>
                    <code>
                        <gco:CharacterString>http://www.opengis.net/def/crs/EPSG/0/26917</gco:CharacterString>
                    </code>
                </RS_Identifier>
            </referenceSystemIdentifier>
        </MD_ReferenceSystem>
    </referenceSystemInfo>
    <identificationInfo>
        <MD_DataIdentification>
            <citation>
                <CI_Citation>
                    <title>
                        <gco:CharacterString>GEODBA.LIBRARIES</gco:CharacterString>
                    </title>
                    <alternateTitle>
                        <gco:CharacterString>Libraries</gco:CharacterString>
                    </alternateTitle>
                    <date gco:nilReason="missing"/>
                    <citedResponsibleParty>
                        <CI_ResponsibleParty>
                            <individualName>
                                <gco:CharacterString>Heather Howe</gco:CharacterString>
                            </individualName>
                            <organisationName>
                                <gco:CharacterString>City of Hamilton; Corporate Services; Information Technology</gco:CharacterString>
                            </organisationName>
                            <contactInfo>
                                <CI_Contact>
                                    <phone>
                                        <CI_Telephone>
                                            <voice>
                                                <gco:CharacterString>905-546-2424 ext. 4274</gco:CharacterString>
                                            </voice>
                                        </CI_Telephone>
                                    </phone>
                                    <address>
                                        <CI_Address>
                                            <electronicMailAddress>
                                                <gco:CharacterString>gisservices@hamilton.ca</gco:CharacterString>
                                            </electronicMailAddress>
                                        </CI_Address>
                                    </address>
                                </CI_Contact>
                            </contactInfo>
                        </CI_ResponsibleParty>
                    </citedResponsibleParty>
                </CI_Citation>
            </citation>
            <abstract gco:nilReason="missing"/>
            <purpose>
                <gco:CharacterString>Location of libraries in Hamilton.</gco:CharacterString>
            </purpose>
            <resourceMaintenance>
                <MD_MaintenanceInformation/>
            </resourceMaintenance>
            <descriptiveKeywords>
                <MD_Keywords>
                    <keyword>
                        <gco:CharacterString>Libraries</gco:CharacterString>
                    </keyword>
                    <type>
                        <MD_KeywordTypeCode codeList="http://www.isotc211.org/2005/resources/Codelist/gmxCodelists.xml#MD_KeywordTypeCode" codeListValue="theme" codeSpace="ISOTC211/19115">theme</MD_KeywordTypeCode>
                    </type>
                    <thesaurusName>
                        <CI_Citation>
                            <title>
                                <gco:CharacterString>Government of Canada Core Subject Thesaurus</gco:CharacterString>
                            </title>
                            <date gco:nilReason="missing"/>
                            <citedResponsibleParty gco:nilReason="missing"/>
                        </CI_Citation>
                    </thesaurusName>
                </MD_Keywords>
            </descriptiveKeywords>
            <resourceConstraints>
                <MD_LegalConstraints>
                    <useLimitation>
                        <gco:CharacterString>The City of Hamilton - Data Dissemination Policy</gco:CharacterString>
                    </useLimitation>
                    <otherConstraints>
                        <gco:CharacterString>Open Data</gco:CharacterString>
                    </otherConstraints>
                </MD_LegalConstraints>
            </resourceConstraints>
            <resourceConstraints>
                <MD_LegalConstraints>
                    <accessConstraints>
                        <MD_RestrictionCode codeList="http://www.isotc211.org/2005/resources/Codelist/gmxCodelists.xml#MD_RestrictionCode" codeListValue="otherRestrictions" codeSpace="ISOTC211/19115">otherRestrictions</MD_RestrictionCode>
                    </accessConstraints>
                    <otherConstraints>
                        <gco:CharacterString>Other Constraints</gco:CharacterString>
                    </otherConstraints>
                </MD_LegalConstraints>
            </resourceConstraints>
            <resourceConstraints>
                <MD_LegalConstraints>
                    <useConstraints>
                        <MD_RestrictionCode codeList="http://www.isotc211.org/2005/resources/Codelist/gmxCodelists.xml#MD_RestrictionCode" codeListValue="otherRestrictions" codeSpace="ISOTC211/19115">otherRestrictions</MD_RestrictionCode>
                    </useConstraints>
                    <otherConstraints>
                        <gco:CharacterString>Other Constraints</gco:CharacterString>
                    </otherConstraints>
                </MD_LegalConstraints>
            </resourceConstraints>
            <language>
                <gco:CharacterString>eng; CAN</gco:CharacterString>
            </language>
            <characterSet>
                <MD_CharacterSetCode codeList="http://www.isotc211.org/2005/resources/Codelist/gmxCodelists.xml#MD_CharacterSetCode" codeListValue="utf8" codeSpace="ISOTC211/19115">utf8</MD_CharacterSetCode>
            </characterSet>
            <topicCategory>
                <MD_TopicCategoryCode>structure</MD_TopicCategoryCode>
            </topicCategory>
            <extent>
                <EX_Extent>
                    <description>
                        <gco:CharacterString>City of Hamilton</gco:CharacterString>
                    </description>
                    <geographicElement>
                        <EX_GeographicBoundingBox>
                            <westBoundLongitude>
                                <gco:Decimal>-80.0274</gco:Decimal>
                            </westBoundLongitude>
                            <eastBoundLongitude>
                                <gco:Decimal>-79.5124</gco:Decimal>
                            </eastBoundLongitude>
                            <southBoundLatitude>
                                <gco:Decimal>43.1688</gco:Decimal>
                            </southBoundLatitude>
                            <northBoundLatitude>
                                <gco:Decimal>43.4211</gco:Decimal>
                            </northBoundLatitude>
                        </EX_GeographicBoundingBox>
                    </geographicElement>
                </EX_Extent>
            </extent>
        </MD_DataIdentification>
    </identificationInfo>
    <distributionInfo>
        <MD_Distribution>
            <distributionFormat>
                <MD_Format>
                    <name>
                        <gco:CharacterString>FGDB/GDB</gco:CharacterString>
                    </name>
                    <version>
                        <gco:CharacterString>10.6.1</gco:CharacterString>
                    </version>
                </MD_Format>
            </distributionFormat>
            <distributionFormat>
                <MD_Format>
                    <name>
                        <gco:CharacterString>SHP</gco:CharacterString>
                    </name>
                    <version>
                        <gco:CharacterString>unknown</gco:CharacterString>
                    </version>
                </MD_Format>
            </distributionFormat>
            <distributor>
                <MD_Distributor>
                    <distributorContact>
                        <CI_ResponsibleParty>
                            <organisationName>
                                <gco:CharacterString>City of Hamilton; Corporate Services; Information Technology</gco:CharacterString>
                            </organisationName>
                            <contactInfo>
                                <CI_Contact>
                                    <address>
                                        <CI_Address>
                                            <deliveryPoint>
                                                <gco:CharacterString>55 York Boulevard, 6th Floor</gco:CharacterString>
                                            </deliveryPoint>
                                            <city>
                                                <gco:CharacterString>Hamilton</gco:CharacterString>
                                            </city>
                                            <administrativeArea>
                                                <gco:CharacterString>Ontario</gco:CharacterString>
                                            </administrativeArea>
                                            <postalCode>
                                                <gco:CharacterString>L8R 3K1</gco:CharacterString>
                                            </postalCode>
                                            <country>
                                                <Country codeList="http://www.iso.org/iso/country_codes/iso_3166_code_lists.htm" codeListValue="CA" codeSpace="ISO3166-1">CA</Country>
                                            </country>
                                            <electronicMailAddress>
                                                <gco:CharacterString>gisservices@hamilton.ca</gco:CharacterString>
                                            </electronicMailAddress>
                                        </CI_Address>
                                    </address>
                                </CI_Contact>
                            </contactInfo>
                        </CI_ResponsibleParty>
                    </distributorContact>
                </MD_Distributor>
            </distributor>
            <transferOptions>
                <MD_DigitalTransferOptions>
                    <onLine>
                        <CI_OnlineResource>
                            <linkage>
                                <URL>https://SpatialSolutions.maps.arcgis.com/sharing/rest/content/items/19614bbf1b3547d8bd233e63ce156030/data</URL>
                            </linkage>
                            <protocol gco:nilReason="missing"/>
                            <name>
                                <gco:CharacterString>Metadata</gco:CharacterString>
                            </name>
                            <function>
                                <CI_OnLineFunctionCode codeList="http://www.isotc211.org/2005/resources/Codelist/gmxCodelists.xml#CI_OnLineFunctionCode" codeListValue="download" codeSpace="ISOTC211/19115">download</CI_OnLineFunctionCode>
                            </function>
                        </CI_OnlineResource>
                    </onLine>
                </MD_DigitalTransferOptions>
            </transferOptions>
        </MD_Distribution>
    </distributionInfo>
    <dataQualityInfo>
        <DQ_DataQuality>
            <scope>
                <DQ_Scope>
                    <levelDescription>
                        <MD_ScopeDescription>
                            <dataset>
                                <gco:CharacterString>GeoDBA</gco:CharacterString>
                            </dataset>
                        </MD_ScopeDescription>
                    </levelDescription>
                </DQ_Scope>
            </scope>
        </DQ_DataQuality>
    </dataQualityInfo>
</MD_Metadata>
