<?xml version="1.0" encoding="UTF-8"?><MD_Metadata xmlns:gts="http://www.isotc211.org/2005/gts" xmlns:gco="http://www.isotc211.org/2005/gco" xmlns:xalan="http://xml.apache.org/xalan" xmlns:srv="http://www.isotc211.org/2005/srv" xmlns:gmx="http://www.isotc211.org/2005/gmx" xmlns:xlink="http://www.w3.org/1999/xlink" xmlns:xsi="http://www.w3.org/2001/XMLSchema-instance" xmlns:gml="http://www.opengis.net/gml" xmlns="http://www.isotc211.org/2005/gmd">
    <fileIdentifier>
        <gco:CharacterString>702d4d5d-bab6-3493-ae80-aa7e208b5e39</gco:CharacterString>
    </fileIdentifier>
    <language>
        <gco:CharacterString>eng; CAN</gco:CharacterString>
    </language>
    <contact>
        <CI_ResponsibleParty>
            <organisationName>
                <gco:CharacterString>City of Hamilton</gco:CharacterString>
            </organisationName>
            <contactInfo>
                <CI_Contact>
                    <address>
                        <CI_Address>
                            <deliveryPoint>
                                <gco:CharacterString>71 Main Street West</gco:CharacterString>
                            </deliveryPoint>
                            <city>
                                <gco:CharacterString>Hamilton</gco:CharacterString>
                            </city>
                            <administrativeArea>
                                <gco:CharacterString>Ontario</gco:CharacterString>
                            </administrativeArea>
                            <postalCode>
                                <gco:CharacterString>L8P 4Y5</gco:CharacterString>
                            </postalCode>
                            <country>
                                <Country codeList="http://www.iso.org/iso/country_codes/iso_3166_code_lists.htm" codeListValue="CA" codeSpace="ISO3166-1">CA</Country>
                            </country>
                            <electronicMailAddress>
                                <gco:CharacterString>gisservices@hamilton.ca</gco:CharacterString>
                            </electronicMailAddress>
                        </CI_Address>
                    </address>
                </CI_Contact>
            </contactInfo>
        </CI_ResponsibleParty>
    </contact>
    <dateStamp>
        <gco:Date>2021-02-17</gco:Date>
    </dateStamp>
    <metadataStandardName>
        <gco:CharacterString>NAP - Metadata</gco:CharacterString>
    </metadataStandardName>
    <metadataStandardVersion>
        <gco:CharacterString>1.2</gco:CharacterString>
    </metadataStandardVersion>
    <locale>
        <PT_Locale>
            <languageCode>
                <LanguageCode codeList="http://www.loc.gov/standards/iso639-2/php/code_list.php" codeListValue="eng" codeSpace="ISO639-2">eng</LanguageCode>
            </languageCode>
            <country>
                <Country codeList="http://www.iso.org/iso/country_codes/iso_3166_code_lists.htm" codeListValue="CA" codeSpace="ISO3166-1">CA</Country>
            </country>
            <characterEncoding>
                <MD_CharacterSetCode codeList="http://www.isotc211.org/2005/resources/Codelist/gmxCodelists.xml#MD_CharacterSetCode" codeListValue="utf8" codeSpace="ISOTC211/19115">utf8</MD_CharacterSetCode>
            </characterEncoding>
        </PT_Locale>
    </locale>
    <referenceSystemInfo>
        <MD_ReferenceSystem>
            <referenceSystemIdentifier>
                <RS_Identifier>
                    <code>
                        <gco:CharacterString>http://www.opengis.net/def/crs/EPSG/0/26917</gco:CharacterString>
                    </code>
                </RS_Identifier>
            </referenceSystemIdentifier>
        </MD_ReferenceSystem>
    </referenceSystemInfo>
    <identificationInfo>
        <MD_DataIdentification>
            <citation>
                <CI_Citation>
                    <title>
                        <gco:CharacterString>GEODBA.PED_PLANNING_UNITS</gco:CharacterString>
                    </title>
                    <alternateTitle>
                        <gco:CharacterString>Ped Planning Units</gco:CharacterString>
                    </alternateTitle>
                    <date gco:nilReason="missing"/>
                    <citedResponsibleParty>
                        <CI_ResponsibleParty>
                            <individualName>
                                <gco:CharacterString>Nada Belair</gco:CharacterString>
                            </individualName>
                            <organisationName>
                                <gco:CharacterString>City of Hamilton;Planning and Economic Development;Planning</gco:CharacterString>
                            </organisationName>
                            <contactInfo>
                                <CI_Contact>
                                    <phone>
                                        <CI_Telephone>
                                            <voice>
                                                <gco:CharacterString>905-546-2424 ext. 1232</gco:CharacterString>
                                            </voice>
                                        </CI_Telephone>
                                    </phone>
                                </CI_Contact>
                            </contactInfo>
                        </CI_ResponsibleParty>
                    </citedResponsibleParty>
                </CI_Citation>
            </citation>
            <abstract>
                <gco:CharacterString>Planning Units provide a manageable geographic framework for the purposes of preparing secondary plans and establishing planning policies and other related studies. There are a total of 237 planning units.</gco:CharacterString>
            </abstract>
            <purpose>
                <gco:CharacterString>Neighbourhoods represent planning units for the City of Hamilton.</gco:CharacterString>
            </purpose>
            <status gco:nilReason="missing"/>
            <resourceMaintenance>
                <MD_MaintenanceInformation/>
            </resourceMaintenance>
            <descriptiveKeywords>
                <MD_Keywords>
                    <keyword>
                        <gco:CharacterString>Planning Unit</gco:CharacterString>
                    </keyword>
                    <keyword>
                        <gco:CharacterString>Neighborhood</gco:CharacterString>
                    </keyword>
                    <keyword>
                        <gco:CharacterString>Business &amp; Economy</gco:CharacterString>
                    </keyword>
                </MD_Keywords>
            </descriptiveKeywords>
            <resourceConstraints>
                <MD_LegalConstraints>
                    <useLimitation>
                        <gco:CharacterString>The City of Hamilton - Data Dissemination Policy</gco:CharacterString>
                    </useLimitation>
                    <otherConstraints>
                        <gco:CharacterString>Open Data</gco:CharacterString>
                    </otherConstraints>
                </MD_LegalConstraints>
            </resourceConstraints>
            <resourceConstraints>
                <MD_LegalConstraints>
                    <accessConstraints>
                        <MD_RestrictionCode codeList="http://www.isotc211.org/2005/resources/Codelist/gmxCodelists.xml#MD_RestrictionCode" codeListValue="otherRestrictions" codeSpace="ISOTC211/19115">otherRestrictions</MD_RestrictionCode>
                    </accessConstraints>
                    <otherConstraints>
                        <gco:CharacterString>Other Constraints</gco:CharacterString>
                    </otherConstraints>
                </MD_LegalConstraints>
            </resourceConstraints>
            <resourceConstraints>
                <MD_LegalConstraints>
                    <useConstraints>
                        <MD_RestrictionCode codeList="http://www.isotc211.org/2005/resources/Codelist/gmxCodelists.xml#MD_RestrictionCode" codeListValue="otherRestrictions" codeSpace="ISOTC211/19115">otherRestrictions</MD_RestrictionCode>
                    </useConstraints>
                    <otherConstraints>
                        <gco:CharacterString>Other Constraints</gco:CharacterString>
                    </otherConstraints>
                </MD_LegalConstraints>
            </resourceConstraints>
            <language>
                <gco:CharacterString>eng; CAN</gco:CharacterString>
            </language>
            <characterSet>
                <MD_CharacterSetCode codeList="http://www.isotc211.org/2005/resources/Codelist/gmxCodelists.xml#MD_CharacterSetCode" codeListValue="utf8" codeSpace="ISOTC211/19115">utf8</MD_CharacterSetCode>
            </characterSet>
            <extent>
                <EX_Extent>
                    <description>
                        <gco:CharacterString>City of Hamilton</gco:CharacterString>
                    </description>
                    <geographicElement>
                        <EX_GeographicBoundingBox>
                            <westBoundLongitude>
                                <gco:Decimal>-80.0274</gco:Decimal>
                            </westBoundLongitude>
                            <eastBoundLongitude>
                                <gco:Decimal>-79.5124</gco:Decimal>
                            </eastBoundLongitude>
                            <southBoundLatitude>
                                <gco:Decimal>43.1688</gco:Decimal>
                            </southBoundLatitude>
                            <northBoundLatitude>
                                <gco:Decimal>43.4211</gco:Decimal>
                            </northBoundLatitude>
                        </EX_GeographicBoundingBox>
                    </geographicElement>
                </EX_Extent>
            </extent>
        </MD_DataIdentification>
    </identificationInfo>
    <distributionInfo>
        <MD_Distribution>
            <distributor>
                <MD_Distributor>
                    <distributorContact>
                        <CI_ResponsibleParty>
                            <organisationName>
                                <gco:CharacterString>City of Hamilton</gco:CharacterString>
                            </organisationName>
                            <contactInfo>
                                <CI_Contact>
                                    <address>
                                        <CI_Address>
                                            <deliveryPoint>
                                                <gco:CharacterString>71 Main Street West</gco:CharacterString>
                                            </deliveryPoint>
                                            <city>
                                                <gco:CharacterString>Hamilton</gco:CharacterString>
                                            </city>
                                            <administrativeArea>
                                                <gco:CharacterString>Ontario</gco:CharacterString>
                                            </administrativeArea>
                                            <postalCode>
                                                <gco:CharacterString>L8P 4Y5</gco:CharacterString>
                                            </postalCode>
                                            <country>
                                                <Country codeList="http://www.iso.org/iso/country_codes/iso_3166_code_lists.htm" codeListValue="CA" codeSpace="ISO3166-1">CA</Country>
                                            </country>
                                            <electronicMailAddress>
                                                <gco:CharacterString>gisservices@hamilton.ca</gco:CharacterString>
                                            </electronicMailAddress>
                                        </CI_Address>
                                    </address>
                                </CI_Contact>
                            </contactInfo>
                        </CI_ResponsibleParty>
                    </distributorContact>
                </MD_Distributor>
            </distributor>
            <distributionFormat gco:nilReason="missing"/>
            <transferOptions>
                <MD_DigitalTransferOptions>
                    <onLine>
                        <CI_OnlineResource>
                            <linkage>
                                <URL>https://SpatialSolutions.maps.arcgis.com/sharing/rest/content/items/c4ba08d5748340f0b6a79755e90514e9/data</URL>
                            </linkage>
                            <protocol gco:nilReason="missing"/>
                            <name>
                                <gco:CharacterString>Metadata</gco:CharacterString>
                            </name>
                            <function>
                                <CI_OnLineFunctionCode codeList="http://www.isotc211.org/2005/resources/Codelist/gmxCodelists.xml#CI_OnLineFunctionCode" codeListValue="download" codeSpace="ISOTC211/19115">download</CI_OnLineFunctionCode>
                            </function>
                        </CI_OnlineResource>
                    </onLine>
                </MD_DigitalTransferOptions>
            </transferOptions>
        </MD_Distribution>
    </distributionInfo>
    <dataQualityInfo>
        <DQ_DataQuality>
            <scope>
                <DQ_Scope>
                    <levelDescription>
                        <MD_ScopeDescription>
                            <dataset>
                                <gco:CharacterString>GeoDBA</gco:CharacterString>
                            </dataset>
                        </MD_ScopeDescription>
                    </levelDescription>
                </DQ_Scope>
            </scope>
        </DQ_DataQuality>
    </dataQualityInfo>
</MD_Metadata>
